"ticket";"data";"conformidade";"bloco";"pergunta";"resposta";"observacao";"precisa_revisao";"motivo_revisao"
"883090408";"2026-10-07";"75";"Chamado de Projetos";"Código do Projeto (Sankhya):";"Não conforme";"";"Sim";"Não foi feito backup, enviado a fila."
"883090408";"2026-10-07";"75";"Chamado de Projetos";"Código do Cliente SANKHYA. (código do cliente):";"Conforme";"";"Sim";"Não foi feito backup, enviado a fila."
"883090408";"2026-10-07";"75";"Chamado de Projetos";"GP (Gerente de Projetos):";"Conforme";"";"Sim";"Não foi feito backup, enviado a fila."
"883090408";"2026-10-07";"75";"Chamado de Projetos";"GN";"Conforme";"";"Sim";"Não foi feito backup, enviado a fila."
"883090408";"2026-10-07";"75";"Chamado de Projetos";"Nome do Cliente";"Conforme";"";"Sim";"Não foi feito backup, enviado a fila."
"883090408";"2026-10-07";"75";"Chamado de Projetos";"Número da unidade";"Conforme";"";"Sim";"Não foi feito backup, enviado a fila."
"883090408";"2026-10-07";"75";"Chamado de Projetos";"Cidade da unidade";"Conforme";"";"Sim";"Não foi feito backup, enviado a fila."
"883090408";"2026-10-07";"75";"Chamado de Projetos";"Endereço da unidade";"Conforme";"";"Sim";"Não foi feito backup, enviado a fila."
"883090408";"2026-10-07";"75";"Chamado de Projetos";"Designação do cliente/links do cliente (quando for cliente que costua ter designação. Ex: LDC, Raízen, CCS)";"Conforme";"";"Sim";"Não foi feito backup, enviado a fila."
"883090408";"2026-10-07";"75";"Chamado de Projetos";"Horário de funcionamento da unidade";"Não conforme";"";"Sim";"Não foi feito backup, enviado a fila."
"883090408";"2026-10-07";"75";"Chamado de Projetos";"Razão Social do cliente";"Não conforme";"";"Sim";"Não foi feito backup, enviado a fila."
"883090408";"2026-10-07";"75";"Chamado de Projetos";"CNPJ do cliente";"Não conforme";"";"Sim";"Não foi feito backup, enviado a fila."
"883090408";"2026-10-07";"75";"Chamado de Projetos";"CEP do cliente";"Não conforme";"";"Sim";"Não foi feito backup, enviado a fila."
"883090408";"2026-10-07";"75";"Chamado de Projetos";"Coordenadas geográficas/link";"Não conforme";"";"Sim";"Não foi feito backup, enviado a fila."
"883090408";"2026-10-07";"75";"Chamado de Projetos";"Parceiro do link";"Conforme";"";"Sim";"Não foi feito backup, enviado a fila."
"883090408";"2026-10-07";"75";"Chamado de Projetos";"Tipo do link (Internet, MPLS ou L2L)";"Conforme";"";"Sim";"Não foi feito backup, enviado a fila."
"883090408";"2026-10-07";"75";"Chamado de Projetos";"Designação do circuito";"Conforme";"";"Sim";"Não foi feito backup, enviado a fila."
"883090408";"2026-10-07";"75";"Chamado de Projetos";"Meio Físico";"Conforme";"";"Sim";"Não foi feito backup, enviado a fila."
"883090408";"2026-10-07";"75";"Chamado de Projetos";"Velocidade contratada pelo cliente";"Conforme";"";"Sim";"Não foi feito backup, enviado a fila."
"883090408";"2026-10-07";"75";"Chamado de Projetos";"Velocidade contratada com o parceiro";"Conforme";"";"Sim";"Não foi feito backup, enviado a fila."
"883090408";"2026-10-07";"75";"Chamado de Projetos";"Mantenedor (quando RPT)";"Não se aplica";"";"Sim";"Não foi feito backup, enviado a fila."
"883090408";"2026-10-07";"75";"Chamado de Projetos";"Número do pedido (quando CCS)";"Conforme";"";"Sim";"Não foi feito backup, enviado a fila."
"883090408";"2026-10-07";"75";"Chamado de Projetos";"Empresa contratante do link";"Não conforme";"";"Sim";"Não foi feito backup, enviado a fila."
"883090408";"2026-10-07";"75";"Chamado de Projetos";"Descrição clara da atividade (interna e externa)";"Conforme";"";"Sim";"Não foi feito backup, enviado a fila."
"883090408";"2026-10-07";"75";"Chamado de Projetos";"Indicação da equipe responsável pela execução";"Conforme";"";"Sim";"Não foi feito backup, enviado a fila."
"883090408";"2026-10-07";"75";"Chamado de Projetos";"Escopo da atividade";"Conforme";"";"Sim";"Não foi feito backup, enviado a fila."
"883090408";"2026-10-07";"75";"Chamado de Projetos";"Data em que a atividade deverá ser realizada:";"Conforme";"";"Sim";"Não foi feito backup, enviado a fila."
"883090408";"2026-10-07";"75";"Chamado de Projetos";"Lista de equipamentos necessários (quando a atividade demandar que sejam provisionados equipamentos em alguma etapa)";"Conforme";"";"Sim";"Não foi feito backup, enviado a fila."
"883090408";"2026-10-07";"75";"Chamado de Projetos";"Solicitação de inclusão dos hosts no monitoramento (etapa Desenvolvimento)";"Conforme";"Em ativação CCS o equipamento M7 já está no cliente.";"Sim";"Não foi feito backup, enviado a fila."
"883090408";"2026-10-07";"75";"Chamado de Projetos";"Solicitação de inclusão das informações na Intranet (etapa Intranet)";"Conforme";"";"Sim";"Não foi feito backup, enviado a fila."
"883090408";"2026-10-07";"75";"Chamado de Projetos";"Solicitação de rotina de backup (etapa Backup de Dispositivos)";"Não conforme";"";"Sim";"Não foi feito backup, enviado a fila."
"883090408";"2026-10-07";"75";"Chamado de Projetos";"Solicitação de testes de monitoramento com o robô (etapa Homologação)";"Conforme";"";"Sim";"Não foi feito backup, enviado a fila."
"883090408";"2026-10-07";"75";"Chamado de Projetos";"Escalonamento do cliente";"Não conforme";"";"Sim";"Não foi feito backup, enviado a fila."
"883090408";"2026-10-07";"75";"Chamado de Projetos";"Dias específicos para o escalonamento";"Não conforme";"";"Sim";"Não foi feito backup, enviado a fila."
"883090408";"2026-10-07";"75";"Chamado de Projetos";"Horário de acionamento do escalonamento";"Não conforme";"";"Sim";"Não foi feito backup, enviado a fila."
"883090408";"2026-10-07";"75";"Chamado de Projetos";"Meio principal de contato (Ligação, WhatsApp etc.):";"Não conforme";"";"Sim";"Não foi feito backup, enviado a fila."
"883090408";"2026-10-07";"75";"Chamado de Projetos";"Informações de integração";"Não conforme";"";"Sim";"Não foi feito backup, enviado a fila."
"883090408";"2026-10-07";"75";"Ativações";"Evidências dos testes de link e/ou equipamento:";"Conforme";"";"Sim";"Não foi feito backup, enviado a fila."
"883090408";"2026-10-07";"75";"Ativações";"Evidências das configurações realizadas (IPs, VLANs, rotas, interfaces etc.):";"Conforme";"";"Sim";"Não foi feito backup, enviado a fila."
"883090408";"2026-10-07";"75";"Ativações";"Evidência da atuação do N3 ou parceiro (nota técnica), quando aplicável:";"Conforme";"Parceiro enviou fotos do equipamento no local.";"Sim";"Não foi feito backup, enviado a fila."
"883090408";"2026-10-07";"75";"Desenvolvimento";"Criou host no monitoramento";"Conforme";"";"Sim";"Não foi feito backup, enviado a fila."
"883090408";"2026-10-07";"75";"Desenvolvimento";"Criou mapa novo/editou mapa";"Conforme";"";"Sim";"Não foi feito backup, enviado a fila."
"883090408";"2026-10-07";"75";"Desenvolvimento";"Configurações de IPs";"Conforme";"";"Sim";"Não foi feito backup, enviado a fila."
"883090408";"2026-10-07";"75";"Desenvolvimento";"Verificação de conformidade entre cfg passada pelo N2 e a colocada no Host";"Conforme";"";"Sim";"Não foi feito backup, enviado a fila."
"883090408";"2026-10-07";"75";"Desenvolvimento";"Intuitividade do mapa e melhorias que podem ser feitas";"Conforme";"";"Sim";"Não foi feito backup, enviado a fila."
"883090408";"2026-10-07";"75";"Intranet";"Código do Cliente SANKHYA. (código do cliente):";"Conforme";"";"Sim";"Não foi feito backup, enviado a fila."
"883090408";"2026-10-07";"75";"Intranet";"GP - OBS: As vezes o GP não é quem envia o e-mail:";"Conforme";"";"Sim";"Não foi feito backup, enviado a fila."
"883090408";"2026-10-07";"75";"Intranet";"Nome do cliente:";"Conforme";"";"Sim";"Não foi feito backup, enviado a fila."
"883090408";"2026-10-07";"75";"Intranet";"Número da unidade";"Conforme";"";"Sim";"Não foi feito backup, enviado a fila."
"883090408";"2026-10-07";"75";"Intranet";"Cidade da unidade";"Conforme";"";"Sim";"Não foi feito backup, enviado a fila."
"883090408";"2026-10-07";"75";"Intranet";"Endereço da unidade/cliente";"Conforme";"";"Sim";"Não foi feito backup, enviado a fila."
"883090408";"2026-10-07";"75";"Intranet";"Designação do cliente/links do cliente (quando for cliente que costua ter designação. Ex: LDC, Raízen, CCS)";"Conforme";"";"Sim";"Não foi feito backup, enviado a fila."
"883090408";"2026-10-07";"75";"Intranet";"Horário de funcionamento da unidade";"Conforme";"";"Sim";"Não foi feito backup, enviado a fila."
"883090408";"2026-10-07";"75";"Intranet";"Razão Social";"Não conforme";"";"Sim";"Não foi feito backup, enviado a fila."
"883090408";"2026-10-07";"75";"Intranet";"CNPJ:";"Não conforme";"";"Sim";"Não foi feito backup, enviado a fila."
"883090408";"2026-10-07";"75";"Intranet";"Coordenada";"Não conforme";"";"Sim";"Não foi feito backup, enviado a fila."
"883090408";"2026-10-07";"75";"Intranet";"Parceiro do link";"Conforme";"";"Sim";"Não foi feito backup, enviado a fila."
"883090408";"2026-10-07";"75";"Intranet";"Tipo. (MPLS, Internet, L2L)";"Conforme";"";"Sim";"Não foi feito backup, enviado a fila."
"883090408";"2026-10-07";"75";"Intranet";"Meio Físico";"Não conforme";"";"Sim";"Não foi feito backup, enviado a fila."
"883090408";"2026-10-07";"75";"Intranet";"Velocidade contratada pelo cliente";"Conforme";"";"Sim";"Não foi feito backup, enviado a fila."
"883090408";"2026-10-07";"75";"Intranet";"Velocidade contratada com o parceiro";"Conforme";"";"Sim";"Não foi feito backup, enviado a fila."
"883090408";"2026-10-07";"75";"Intranet";"Mantenedor (Quando RPT)";"Não se aplica";"";"Sim";"Não foi feito backup, enviado a fila."
"883090408";"2026-10-07";"75";"Intranet";"Número do pedido (quando CCS)";"Conforme";"";"Sim";"Não foi feito backup, enviado a fila."
"883090408";"2026-10-07";"75";"Intranet";"Empresa contratante do link (lik nosso ou do cliente)";"Conforme";"";"Sim";"Não foi feito backup, enviado a fila."
"883090408";"2026-10-07";"75";"Intranet";"Em caso de link/equipamento temporário deverá constar data de término do monitoramento:";"Conforme";"";"Sim";"Não foi feito backup, enviado a fila."
"883090408";"2026-10-07";"75";"Intranet";"Em caso de link/equipamento temporário deverá constar se é brinde ou será faturado, pois se for faturado, deverá haver e-mail de cancelamento:";"Não se aplica";"";"Sim";"Não foi feito backup, enviado a fila."
"883090408";"2026-10-07";"75";"Intranet";"Procedimento padrão";"Não conforme";"";"Sim";"Não foi feito backup, enviado a fila."
"883090408";"2026-10-07";"75";"Intranet";"Procedimento específico";"Conforme";"";"Sim";"Não foi feito backup, enviado a fila."
"883090408";"2026-10-07";"75";"Intranet";"Escalonamento do cliente";"Conforme";"";"Sim";"Não foi feito backup, enviado a fila."
"883090408";"2026-10-07";"75";"Intranet";"Escalonamento interno (M7)";"Não conforme";"";"Sim";"Não foi feito backup, enviado a fila."
"883090408";"2026-10-07";"75";"Intranet";"Dias específicos para o escalonamento";"Conforme";"";"Sim";"Não foi feito backup, enviado a fila."
"883090408";"2026-10-07";"75";"Intranet";"Horários específicos de acionamento do escalonamento";"Conforme";"";"Sim";"Não foi feito backup, enviado a fila."
"883090408";"2026-10-07";"75";"Intranet";"Especificação de qual meio principal de contato do escalonamento. (Ligação, WhatsApp)";"Parcialmente conforme";"São todos números fixo e por memória sabemos que este cliente só acionamos via ligação.";"Sim";"Não foi feito backup, enviado a fila."
"883090408";"2026-10-07";"75";"Intranet";"Informações de integração";"Conforme";"";"Sim";"Não foi feito backup, enviado a fila."
"883090408";"2026-10-07";"75";"Intranet";"Informação de prioridade (VIP ou não) do cliente";"Conforme";"";"Sim";"Não foi feito backup, enviado a fila."
"883090408";"2026-10-07";"75";"Intranet";"Galeria de imagens";"Conforme";"";"Sim";"Não foi feito backup, enviado a fila."
"883090408";"2026-10-07";"75";"Intranet";"Parceiros homologados quando CCS";"Conforme";"";"Sim";"Não foi feito backup, enviado a fila."
"883090408";"2026-10-07";"75";"Intranet";"Inventário do host (no Zabbix)";"Conforme";"";"Sim";"Não foi feito backup, enviado a fila."
"883090408";"2026-10-07";"75";"Intranet";"Nome do cliente completo do OTRS";"Conforme";"";"Sim";"Não foi feito backup, enviado a fila."
"883090408";"2026-10-07";"75";"Intranet";"Apelido (código cliente)";"Conforme";"";"Sim";"Não foi feito backup, enviado a fila."
"883090408";"2026-10-07";"75";"Intranet";"URL A (Link para a página no OTRS)";"Conforme";"";"Sim";"Não foi feito backup, enviado a fila."
"883090408";"2026-10-07";"75";"Intranet";"URL B (Código da página no OTRS)";"Conforme";"";"Sim";"Não foi feito backup, enviado a fila."
"883090408";"2026-10-07";"75";"Intranet";"Imagem da topologia";"Conforme";"";"Sim";"Não foi feito backup, enviado a fila."
"883090408";"2026-10-07";"75";"Intranet";"Orientação (quando houver)";"Conforme";"";"Sim";"Não foi feito backup, enviado a fila."
"883090408";"2026-10-07";"75";"Backup de Dispositivos";"Execução da rotina de backup das configurações:";"Não conforme";"Enviado de volt a fila para backup.";"Sim";"Não foi feito backup, enviado a fila."
"883090408";"2026-10-07";"75";"Homologação";"Checa envio de aviso no grupo B.O. Primeiro atendimento.";"Conforme";"";"Sim";"Não foi feito backup, enviado a fila."
"883090408";"2026-10-07";"75";"Homologação";"Checa envio de aviso no grupo Escalation GN";"Conforme";"";"Sim";"Não foi feito backup, enviado a fila."
"883090408";"2026-10-07";"75";"Homologação";"Checa envio de aviso no grupo Escalation Riberto";"Conforme";"";"Sim";"Não foi feito backup, enviado a fila."
"883090408";"2026-10-07";"75";"Homologação";"Força alerta de abertura automática de chamado.";"Conforme";"";"Sim";"Não foi feito backup, enviado a fila."
"883090408";"2026-10-07";"75";"Qualidade";"Observações sobre este ticket.";"Não conforme";"";"Sim";"Não foi feito backup, enviado a fila."
"883092154";"2026-10-07";"77";"Chamado de Projetos";"Código do Projeto (Sankhya):";"Não conforme";"";"Sim";"Enviado a fila de backup, pois não passou pelo processo."
"883092154";"2026-10-07";"77";"Chamado de Projetos";"Código do Cliente SANKHYA. (código do cliente):";"Conforme";"";"Sim";"Enviado a fila de backup, pois não passou pelo processo."
"883092154";"2026-10-07";"77";"Chamado de Projetos";"GP (Gerente de Projetos):";"Conforme";"";"Sim";"Enviado a fila de backup, pois não passou pelo processo."
"883092154";"2026-10-07";"77";"Chamado de Projetos";"GN";"Conforme";"";"Sim";"Enviado a fila de backup, pois não passou pelo processo."
"883092154";"2026-10-07";"77";"Chamado de Projetos";"Nome do Cliente";"Conforme";"";"Sim";"Enviado a fila de backup, pois não passou pelo processo."
"883092154";"2026-10-07";"77";"Chamado de Projetos";"Número da unidade";"Conforme";"";"Sim";"Enviado a fila de backup, pois não passou pelo processo."
"883092154";"2026-10-07";"77";"Chamado de Projetos";"Cidade da unidade";"Conforme";"";"Sim";"Enviado a fila de backup, pois não passou pelo processo."
"883092154";"2026-10-07";"77";"Chamado de Projetos";"Endereço da unidade";"Conforme";"";"Sim";"Enviado a fila de backup, pois não passou pelo processo."
"883092154";"2026-10-07";"77";"Chamado de Projetos";"Designação do cliente/links do cliente (quando for cliente que costua ter designação. Ex: LDC, Raízen, CCS)";"Conforme";"";"Sim";"Enviado a fila de backup, pois não passou pelo processo."
"883092154";"2026-10-07";"77";"Chamado de Projetos";"Horário de funcionamento da unidade";"Não conforme";"";"Sim";"Enviado a fila de backup, pois não passou pelo processo."
"883092154";"2026-10-07";"77";"Chamado de Projetos";"Razão Social do cliente";"Não conforme";"";"Sim";"Enviado a fila de backup, pois não passou pelo processo."
"883092154";"2026-10-07";"77";"Chamado de Projetos";"CNPJ do cliente";"Não conforme";"";"Sim";"Enviado a fila de backup, pois não passou pelo processo."
"883092154";"2026-10-07";"77";"Chamado de Projetos";"CEP do cliente";"Não conforme";"";"Sim";"Enviado a fila de backup, pois não passou pelo processo."
"883092154";"2026-10-07";"77";"Chamado de Projetos";"Coordenadas geográficas/link";"Não conforme";"";"Sim";"Enviado a fila de backup, pois não passou pelo processo."
"883092154";"2026-10-07";"77";"Chamado de Projetos";"Parceiro do link";"Conforme";"";"Sim";"Enviado a fila de backup, pois não passou pelo processo."
"883092154";"2026-10-07";"77";"Chamado de Projetos";"Tipo do link (Internet, MPLS ou L2L)";"Conforme";"";"Sim";"Enviado a fila de backup, pois não passou pelo processo."
"883092154";"2026-10-07";"77";"Chamado de Projetos";"Designação do circuito";"Conforme";"";"Sim";"Enviado a fila de backup, pois não passou pelo processo."
"883092154";"2026-10-07";"77";"Chamado de Projetos";"Meio Físico";"Não conforme";"";"Sim";"Enviado a fila de backup, pois não passou pelo processo."
"883092154";"2026-10-07";"77";"Chamado de Projetos";"Velocidade contratada pelo cliente";"Conforme";"";"Sim";"Enviado a fila de backup, pois não passou pelo processo."
"883092154";"2026-10-07";"77";"Chamado de Projetos";"Velocidade contratada com o parceiro";"Conforme";"";"Sim";"Enviado a fila de backup, pois não passou pelo processo."
"883092154";"2026-10-07";"77";"Chamado de Projetos";"Mantenedor (quando RPT)";"Não se aplica";"";"Sim";"Enviado a fila de backup, pois não passou pelo processo."
"883092154";"2026-10-07";"77";"Chamado de Projetos";"Número do pedido (quando CCS)";"Conforme";"";"Sim";"Enviado a fila de backup, pois não passou pelo processo."
"883092154";"2026-10-07";"77";"Chamado de Projetos";"Empresa contratante do link";"Conforme";"";"Sim";"Enviado a fila de backup, pois não passou pelo processo."
"883092154";"2026-10-07";"77";"Chamado de Projetos";"Descrição clara da atividade (interna e externa)";"Conforme";"";"Sim";"Enviado a fila de backup, pois não passou pelo processo."
"883092154";"2026-10-07";"77";"Chamado de Projetos";"Indicação da equipe responsável pela execução";"Conforme";"";"Sim";"Enviado a fila de backup, pois não passou pelo processo."
"883092154";"2026-10-07";"77";"Chamado de Projetos";"Escopo da atividade";"Conforme";"";"Sim";"Enviado a fila de backup, pois não passou pelo processo."
"883092154";"2026-10-07";"77";"Chamado de Projetos";"Data em que a atividade deverá ser realizada:";"Conforme";"";"Sim";"Enviado a fila de backup, pois não passou pelo processo."
"883092154";"2026-10-07";"77";"Chamado de Projetos";"Lista de equipamentos necessários (quando a atividade demandar que sejam provisionados equipamentos em alguma etapa)";"Conforme";"Quando CCS os equipamentos M7 já estão no local.";"Sim";"Enviado a fila de backup, pois não passou pelo processo."
"883092154";"2026-10-07";"77";"Chamado de Projetos";"Solicitação de inclusão dos hosts no monitoramento (etapa Desenvolvimento)";"Conforme";"";"Sim";"Enviado a fila de backup, pois não passou pelo processo."
"883092154";"2026-10-07";"77";"Chamado de Projetos";"Solicitação de inclusão das informações na Intranet (etapa Intranet)";"Conforme";"";"Sim";"Enviado a fila de backup, pois não passou pelo processo."
"883092154";"2026-10-07";"77";"Chamado de Projetos";"Solicitação de rotina de backup (etapa Backup de Dispositivos)";"Não conforme";"Não há a solicitação de backup.";"Sim";"Enviado a fila de backup, pois não passou pelo processo."
"883092154";"2026-10-07";"77";"Chamado de Projetos";"Solicitação de testes de monitoramento com o robô (etapa Homologação)";"Conforme";"";"Sim";"Enviado a fila de backup, pois não passou pelo processo."
"883092154";"2026-10-07";"77";"Chamado de Projetos";"Escalonamento do cliente";"Não conforme";"";"Sim";"Enviado a fila de backup, pois não passou pelo processo."
"883092154";"2026-10-07";"77";"Chamado de Projetos";"Dias específicos para o escalonamento";"Não conforme";"";"Sim";"Enviado a fila de backup, pois não passou pelo processo."
"883092154";"2026-10-07";"77";"Chamado de Projetos";"Horário de acionamento do escalonamento";"Não conforme";"";"Sim";"Enviado a fila de backup, pois não passou pelo processo."
"883092154";"2026-10-07";"77";"Chamado de Projetos";"Meio principal de contato (Ligação, WhatsApp etc.):";"Não conforme";"";"Sim";"Enviado a fila de backup, pois não passou pelo processo."
"883092154";"2026-10-07";"77";"Chamado de Projetos";"Informações de integração";"Não conforme";"";"Sim";"Enviado a fila de backup, pois não passou pelo processo."
"883092154";"2026-10-07";"77";"Ativações";"Evidências dos testes de link e/ou equipamento:";"Conforme";"";"Sim";"Enviado a fila de backup, pois não passou pelo processo."
"883092154";"2026-10-07";"77";"Ativações";"Evidências das configurações realizadas (IPs, VLANs, rotas, interfaces etc.):";"Conforme";"";"Sim";"Enviado a fila de backup, pois não passou pelo processo."
"883092154";"2026-10-07";"77";"Ativações";"Evidência da atuação do N3 ou parceiro (nota técnica), quando aplicável:";"Conforme";"";"Sim";"Enviado a fila de backup, pois não passou pelo processo."
"883092154";"2026-10-07";"77";"Desenvolvimento";"Criou host no monitoramento";"Conforme";"";"Sim";"Enviado a fila de backup, pois não passou pelo processo."
"883092154";"2026-10-07";"77";"Desenvolvimento";"Criou mapa novo/editou mapa";"Conforme";"";"Sim";"Enviado a fila de backup, pois não passou pelo processo."
"883092154";"2026-10-07";"77";"Desenvolvimento";"Configurações de IPs";"Conforme";"";"Sim";"Enviado a fila de backup, pois não passou pelo processo."
"883092154";"2026-10-07";"77";"Desenvolvimento";"Verificação de conformidade entre cfg passada pelo N2 e a colocada no Host";"Conforme";"";"Sim";"Enviado a fila de backup, pois não passou pelo processo."
"883092154";"2026-10-07";"77";"Desenvolvimento";"Intuitividade do mapa e melhorias que podem ser feitas";"Conforme";"Não criou blocos para separar MPLS de internet no mapa.";"Sim";"Enviado a fila de backup, pois não passou pelo processo."
"883092154";"2026-10-07";"77";"Intranet";"Código do Cliente SANKHYA. (código do cliente):";"Conforme";"";"Sim";"Enviado a fila de backup, pois não passou pelo processo."
"883092154";"2026-10-07";"77";"Intranet";"GP - OBS: As vezes o GP não é quem envia o e-mail:";"Conforme";"";"Sim";"Enviado a fila de backup, pois não passou pelo processo."
"883092154";"2026-10-07";"77";"Intranet";"Nome do cliente:";"Conforme";"";"Sim";"Enviado a fila de backup, pois não passou pelo processo."
"883092154";"2026-10-07";"77";"Intranet";"Número da unidade";"Conforme";"";"Sim";"Enviado a fila de backup, pois não passou pelo processo."
"883092154";"2026-10-07";"77";"Intranet";"Cidade da unidade";"Conforme";"";"Sim";"Enviado a fila de backup, pois não passou pelo processo."
"883092154";"2026-10-07";"77";"Intranet";"Endereço da unidade/cliente";"Conforme";"";"Sim";"Enviado a fila de backup, pois não passou pelo processo."
"883092154";"2026-10-07";"77";"Intranet";"Designação do cliente/links do cliente (quando for cliente que costua ter designação. Ex: LDC, Raízen, CCS)";"Conforme";"";"Sim";"Enviado a fila de backup, pois não passou pelo processo."
"883092154";"2026-10-07";"77";"Intranet";"Horário de funcionamento da unidade";"Conforme";"";"Sim";"Enviado a fila de backup, pois não passou pelo processo."
"883092154";"2026-10-07";"77";"Intranet";"Razão Social";"Não conforme";"";"Sim";"Enviado a fila de backup, pois não passou pelo processo."
"883092154";"2026-10-07";"77";"Intranet";"CNPJ:";"Não conforme";"";"Sim";"Enviado a fila de backup, pois não passou pelo processo."
"883092154";"2026-10-07";"77";"Intranet";"Coordenada";"Não conforme";"";"Sim";"Enviado a fila de backup, pois não passou pelo processo."
"883092154";"2026-10-07";"77";"Intranet";"Parceiro do link";"Conforme";"";"Sim";"Enviado a fila de backup, pois não passou pelo processo."
"883092154";"2026-10-07";"77";"Intranet";"Tipo. (MPLS, Internet, L2L)";"Conforme";"";"Sim";"Enviado a fila de backup, pois não passou pelo processo."
"883092154";"2026-10-07";"77";"Intranet";"Meio Físico";"Não conforme";"";"Sim";"Enviado a fila de backup, pois não passou pelo processo."
"883092154";"2026-10-07";"77";"Intranet";"Velocidade contratada pelo cliente";"Conforme";"";"Sim";"Enviado a fila de backup, pois não passou pelo processo."
"883092154";"2026-10-07";"77";"Intranet";"Velocidade contratada com o parceiro";"Conforme";"";"Sim";"Enviado a fila de backup, pois não passou pelo processo."
"883092154";"2026-10-07";"77";"Intranet";"Mantenedor (Quando RPT)";"Não se aplica";"";"Sim";"Enviado a fila de backup, pois não passou pelo processo."
"883092154";"2026-10-07";"77";"Intranet";"Número do pedido (quando CCS)";"Conforme";"";"Sim";"Enviado a fila de backup, pois não passou pelo processo."
"883092154";"2026-10-07";"77";"Intranet";"Empresa contratante do link (lik nosso ou do cliente)";"Conforme";"";"Sim";"Enviado a fila de backup, pois não passou pelo processo."
"883092154";"2026-10-07";"77";"Intranet";"Em caso de link/equipamento temporário deverá constar data de término do monitoramento:";"Não se aplica";"";"Sim";"Enviado a fila de backup, pois não passou pelo processo."
"883092154";"2026-10-07";"77";"Intranet";"Em caso de link/equipamento temporário deverá constar se é brinde ou será faturado, pois se for faturado, deverá haver e-mail de cancelamento:";"Não se aplica";"";"Sim";"Enviado a fila de backup, pois não passou pelo processo."
"883092154";"2026-10-07";"77";"Intranet";"Procedimento padrão";"Conforme";"";"Sim";"Enviado a fila de backup, pois não passou pelo processo."
"883092154";"2026-10-07";"77";"Intranet";"Procedimento específico";"Conforme";"";"Sim";"Enviado a fila de backup, pois não passou pelo processo."
"883092154";"2026-10-07";"77";"Intranet";"Escalonamento do cliente";"Conforme";"";"Sim";"Enviado a fila de backup, pois não passou pelo processo."
"883092154";"2026-10-07";"77";"Intranet";"Escalonamento interno (M7)";"Não conforme";"";"Sim";"Enviado a fila de backup, pois não passou pelo processo."
"883092154";"2026-10-07";"77";"Intranet";"Dias específicos para o escalonamento";"Conforme";"";"Sim";"Enviado a fila de backup, pois não passou pelo processo."
"883092154";"2026-10-07";"77";"Intranet";"Horários específicos de acionamento do escalonamento";"Conforme";"";"Sim";"Enviado a fila de backup, pois não passou pelo processo."
"883092154";"2026-10-07";"77";"Intranet";"Especificação de qual meio principal de contato do escalonamento. (Ligação, WhatsApp)";"Parcialmente conforme";"São todos números de telefone fixo.";"Sim";"Enviado a fila de backup, pois não passou pelo processo."
"883092154";"2026-10-07";"77";"Intranet";"Informações de integração";"Conforme";"";"Sim";"Enviado a fila de backup, pois não passou pelo processo."
"883092154";"2026-10-07";"77";"Intranet";"Informação de prioridade (VIP ou não) do cliente";"Conforme";"";"Sim";"Enviado a fila de backup, pois não passou pelo processo."
"883092154";"2026-10-07";"77";"Intranet";"Galeria de imagens";"Conforme";"";"Sim";"Enviado a fila de backup, pois não passou pelo processo."
"883092154";"2026-10-07";"77";"Intranet";"Parceiros homologados quando CCS";"Conforme";"";"Sim";"Enviado a fila de backup, pois não passou pelo processo."
"883092154";"2026-10-07";"77";"Intranet";"Inventário do host (no Zabbix)";"Conforme";"";"Sim";"Enviado a fila de backup, pois não passou pelo processo."
"883092154";"2026-10-07";"77";"Intranet";"Nome do cliente completo do OTRS";"Conforme";"";"Sim";"Enviado a fila de backup, pois não passou pelo processo."
"883092154";"2026-10-07";"77";"Intranet";"Apelido (código cliente)";"Conforme";"";"Sim";"Enviado a fila de backup, pois não passou pelo processo."
"883092154";"2026-10-07";"77";"Intranet";"URL A (Link para a página no OTRS)";"Conforme";"";"Sim";"Enviado a fila de backup, pois não passou pelo processo."
"883092154";"2026-10-07";"77";"Intranet";"URL B (Código da página no OTRS)";"Conforme";"";"Sim";"Enviado a fila de backup, pois não passou pelo processo."
"883092154";"2026-10-07";"77";"Intranet";"Imagem da topologia";"Conforme";"";"Sim";"Enviado a fila de backup, pois não passou pelo processo."
"883092154";"2026-10-07";"77";"Intranet";"Orientação (quando houver)";"Conforme";"";"Sim";"Enviado a fila de backup, pois não passou pelo processo."
"883092154";"2026-10-07";"77";"Backup de Dispositivos";"Execução da rotina de backup das configurações:";"Não conforme";"Não foi feito backup. Enviado a fila de backup.";"Sim";"Enviado a fila de backup, pois não passou pelo processo."
"883092154";"2026-10-07";"77";"Homologação";"Checa envio de aviso no grupo B.O. Primeiro atendimento.";"Conforme";"";"Sim";"Enviado a fila de backup, pois não passou pelo processo."
"883092154";"2026-10-07";"77";"Homologação";"Checa envio de aviso no grupo Escalation GN";"Conforme";"";"Sim";"Enviado a fila de backup, pois não passou pelo processo."
"883092154";"2026-10-07";"77";"Homologação";"Checa envio de aviso no grupo Escalation Riberto";"Conforme";"";"Sim";"Enviado a fila de backup, pois não passou pelo processo."
"883092154";"2026-10-07";"77";"Homologação";"Força alerta de abertura automática de chamado.";"Conforme";"";"Sim";"Enviado a fila de backup, pois não passou pelo processo."
"883092154";"2026-10-07";"77";"Qualidade";"Observações sobre este ticket.";"Conforme";"Enviado a fila de backup, pois não passou pelo processo.";"Sim";"Enviado a fila de backup, pois não passou pelo processo."
"882769653";"2026-10-07";"85";"Chamado de Projetos";"Código do Projeto (Sankhya):";"Não conforme";"";"Sim";"Não passou pelo fluxo de backup e por isso foi enviado a fila de bkp."
"882769653";"2026-10-07";"85";"Chamado de Projetos";"Código do Cliente SANKHYA. (código do cliente):";"Conforme";"";"Sim";"Não passou pelo fluxo de backup e por isso foi enviado a fila de bkp."
"882769653";"2026-10-07";"85";"Chamado de Projetos";"GP (Gerente de Projetos):";"Conforme";"";"Sim";"Não passou pelo fluxo de backup e por isso foi enviado a fila de bkp."
"882769653";"2026-10-07";"85";"Chamado de Projetos";"GN";"Conforme";"";"Sim";"Não passou pelo fluxo de backup e por isso foi enviado a fila de bkp."
"882769653";"2026-10-07";"85";"Chamado de Projetos";"Nome do Cliente";"Conforme";"";"Sim";"Não passou pelo fluxo de backup e por isso foi enviado a fila de bkp."
"882769653";"2026-10-07";"85";"Chamado de Projetos";"Número da unidade";"Conforme";"";"Sim";"Não passou pelo fluxo de backup e por isso foi enviado a fila de bkp."
"882769653";"2026-10-07";"85";"Chamado de Projetos";"Cidade da unidade";"Conforme";"";"Sim";"Não passou pelo fluxo de backup e por isso foi enviado a fila de bkp."
"882769653";"2026-10-07";"85";"Chamado de Projetos";"Endereço da unidade";"Conforme";"";"Sim";"Não passou pelo fluxo de backup e por isso foi enviado a fila de bkp."
"882769653";"2026-10-07";"85";"Chamado de Projetos";"Designação do cliente/links do cliente (quando for cliente que costua ter designação. Ex: LDC, Raízen, CCS)";"Conforme";"";"Sim";"Não passou pelo fluxo de backup e por isso foi enviado a fila de bkp."
"882769653";"2026-10-07";"85";"Chamado de Projetos";"Horário de funcionamento da unidade";"Conforme";"";"Sim";"Não passou pelo fluxo de backup e por isso foi enviado a fila de bkp."
"882769653";"2026-10-07";"85";"Chamado de Projetos";"Razão Social do cliente";"Não conforme";"";"Sim";"Não passou pelo fluxo de backup e por isso foi enviado a fila de bkp."
"882769653";"2026-10-07";"85";"Chamado de Projetos";"CNPJ do cliente";"Não conforme";"";"Sim";"Não passou pelo fluxo de backup e por isso foi enviado a fila de bkp."
"882769653";"2026-10-07";"85";"Chamado de Projetos";"CEP do cliente";"Não conforme";"";"Sim";"Não passou pelo fluxo de backup e por isso foi enviado a fila de bkp."
"882769653";"2026-10-07";"85";"Chamado de Projetos";"Coordenadas geográficas/link";"Não conforme";"";"Sim";"Não passou pelo fluxo de backup e por isso foi enviado a fila de bkp."
"882769653";"2026-10-07";"85";"Chamado de Projetos";"Parceiro do link";"Conforme";"";"Sim";"Não passou pelo fluxo de backup e por isso foi enviado a fila de bkp."
"882769653";"2026-10-07";"85";"Chamado de Projetos";"Tipo do link (Internet, MPLS ou L2L)";"Conforme";"";"Sim";"Não passou pelo fluxo de backup e por isso foi enviado a fila de bkp."
"882769653";"2026-10-07";"85";"Chamado de Projetos";"Designação do circuito";"Conforme";"";"Sim";"Não passou pelo fluxo de backup e por isso foi enviado a fila de bkp."
"882769653";"2026-10-07";"85";"Chamado de Projetos";"Meio Físico";"Conforme";"";"Sim";"Não passou pelo fluxo de backup e por isso foi enviado a fila de bkp."
"882769653";"2026-10-07";"85";"Chamado de Projetos";"Velocidade contratada pelo cliente";"Conforme";"";"Sim";"Não passou pelo fluxo de backup e por isso foi enviado a fila de bkp."
"882769653";"2026-10-07";"85";"Chamado de Projetos";"Velocidade contratada com o parceiro";"Não conforme";"";"Sim";"Não passou pelo fluxo de backup e por isso foi enviado a fila de bkp."
"882769653";"2026-10-07";"85";"Chamado de Projetos";"Mantenedor (quando RPT)";"Não se aplica";"";"Sim";"Não passou pelo fluxo de backup e por isso foi enviado a fila de bkp."
"882769653";"2026-10-07";"85";"Chamado de Projetos";"Número do pedido (quando CCS)";"Conforme";"";"Sim";"Não passou pelo fluxo de backup e por isso foi enviado a fila de bkp."
"882769653";"2026-10-07";"85";"Chamado de Projetos";"Empresa contratante do link";"Conforme";"";"Sim";"Não passou pelo fluxo de backup e por isso foi enviado a fila de bkp."
"882769653";"2026-10-07";"85";"Chamado de Projetos";"Descrição clara da atividade (interna e externa)";"Conforme";"";"Sim";"Não passou pelo fluxo de backup e por isso foi enviado a fila de bkp."
"882769653";"2026-10-07";"85";"Chamado de Projetos";"Indicação da equipe responsável pela execução";"Conforme";"";"Sim";"Não passou pelo fluxo de backup e por isso foi enviado a fila de bkp."
"882769653";"2026-10-07";"85";"Chamado de Projetos";"Escopo da atividade";"Conforme";"";"Sim";"Não passou pelo fluxo de backup e por isso foi enviado a fila de bkp."
"882769653";"2026-10-07";"85";"Chamado de Projetos";"Data em que a atividade deverá ser realizada:";"Conforme";"";"Sim";"Não passou pelo fluxo de backup e por isso foi enviado a fila de bkp."
"882769653";"2026-10-07";"85";"Chamado de Projetos";"Lista de equipamentos necessários (quando a atividade demandar que sejam provisionados equipamentos em alguma etapa)";"Conforme";"Quando CCS, equipamentos já estão no local.";"Sim";"Não passou pelo fluxo de backup e por isso foi enviado a fila de bkp."
"882769653";"2026-10-07";"85";"Chamado de Projetos";"Solicitação de inclusão dos hosts no monitoramento (etapa Desenvolvimento)";"Conforme";"";"Sim";"Não passou pelo fluxo de backup e por isso foi enviado a fila de bkp."
"882769653";"2026-10-07";"85";"Chamado de Projetos";"Solicitação de inclusão das informações na Intranet (etapa Intranet)";"Conforme";"";"Sim";"Não passou pelo fluxo de backup e por isso foi enviado a fila de bkp."
"882769653";"2026-10-07";"85";"Chamado de Projetos";"Solicitação de rotina de backup (etapa Backup de Dispositivos)";"Não se aplica";"Não se aplica, pois na época deste projeto não havia esta fila no fluxo.";"Sim";"Não passou pelo fluxo de backup e por isso foi enviado a fila de bkp."
"882769653";"2026-10-07";"85";"Chamado de Projetos";"Solicitação de testes de monitoramento com o robô (etapa Homologação)";"Conforme";"";"Sim";"Não passou pelo fluxo de backup e por isso foi enviado a fila de bkp."
"882769653";"2026-10-07";"85";"Chamado de Projetos";"Escalonamento do cliente";"Conforme";"";"Sim";"Não passou pelo fluxo de backup e por isso foi enviado a fila de bkp."
"882769653";"2026-10-07";"85";"Chamado de Projetos";"Dias específicos para o escalonamento";"Conforme";"";"Sim";"Não passou pelo fluxo de backup e por isso foi enviado a fila de bkp."
"882769653";"2026-10-07";"85";"Chamado de Projetos";"Horário de acionamento do escalonamento";"Conforme";"";"Sim";"Não passou pelo fluxo de backup e por isso foi enviado a fila de bkp."
"882769653";"2026-10-07";"85";"Chamado de Projetos";"Meio principal de contato (Ligação, WhatsApp etc.):";"Parcialmente conforme";"Não especificam qual meio principal, há somente números fixo e este cliente sempre acionamos via fone.";"Sim";"Não passou pelo fluxo de backup e por isso foi enviado a fila de bkp."
"882769653";"2026-10-07";"85";"Chamado de Projetos";"Informações de integração";"Conforme";"";"Sim";"Não passou pelo fluxo de backup e por isso foi enviado a fila de bkp."
"882769653";"2026-10-07";"85";"Ativações";"Evidências dos testes de link e/ou equipamento:";"Conforme";"";"Sim";"Não passou pelo fluxo de backup e por isso foi enviado a fila de bkp."
"882769653";"2026-10-07";"85";"Ativações";"Evidências das configurações realizadas (IPs, VLANs, rotas, interfaces etc.):";"Conforme";"";"Sim";"Não passou pelo fluxo de backup e por isso foi enviado a fila de bkp."
"882769653";"2026-10-07";"85";"Ativações";"Evidência da atuação do N3 ou parceiro (nota técnica), quando aplicável:";"Conforme";"Técnico parceiro enviou foto do equipamento M7 no local.";"Sim";"Não passou pelo fluxo de backup e por isso foi enviado a fila de bkp."
"882769653";"2026-10-07";"85";"Desenvolvimento";"Criou host no monitoramento";"Conforme";"";"Sim";"Não passou pelo fluxo de backup e por isso foi enviado a fila de bkp."
"882769653";"2026-10-07";"85";"Desenvolvimento";"Criou mapa novo/editou mapa";"Conforme";"";"Sim";"Não passou pelo fluxo de backup e por isso foi enviado a fila de bkp."
"882769653";"2026-10-07";"85";"Desenvolvimento";"Configurações de IPs";"Conforme";"";"Sim";"Não passou pelo fluxo de backup e por isso foi enviado a fila de bkp."
"882769653";"2026-10-07";"85";"Desenvolvimento";"Verificação de conformidade entre cfg passada pelo N2 e a colocada no Host";"Conforme";"";"Sim";"Não passou pelo fluxo de backup e por isso foi enviado a fila de bkp."
"882769653";"2026-10-07";"85";"Desenvolvimento";"Intuitividade do mapa e melhorias que podem ser feitas";"Conforme";"";"Sim";"Não passou pelo fluxo de backup e por isso foi enviado a fila de bkp."
"882769653";"2026-10-07";"85";"Intranet";"Código do Cliente SANKHYA. (código do cliente):";"Conforme";"";"Sim";"Não passou pelo fluxo de backup e por isso foi enviado a fila de bkp."
"882769653";"2026-10-07";"85";"Intranet";"GP - OBS: As vezes o GP não é quem envia o e-mail:";"Conforme";"";"Sim";"Não passou pelo fluxo de backup e por isso foi enviado a fila de bkp."
"882769653";"2026-10-07";"85";"Intranet";"Nome do cliente:";"Conforme";"";"Sim";"Não passou pelo fluxo de backup e por isso foi enviado a fila de bkp."
"882769653";"2026-10-07";"85";"Intranet";"Número da unidade";"Conforme";"";"Sim";"Não passou pelo fluxo de backup e por isso foi enviado a fila de bkp."
"882769653";"2026-10-07";"85";"Intranet";"Cidade da unidade";"Conforme";"";"Sim";"Não passou pelo fluxo de backup e por isso foi enviado a fila de bkp."
"882769653";"2026-10-07";"85";"Intranet";"Endereço da unidade/cliente";"Conforme";"";"Sim";"Não passou pelo fluxo de backup e por isso foi enviado a fila de bkp."
"882769653";"2026-10-07";"85";"Intranet";"Designação do cliente/links do cliente (quando for cliente que costua ter designação. Ex: LDC, Raízen, CCS)";"Conforme";"";"Sim";"Não passou pelo fluxo de backup e por isso foi enviado a fila de bkp."
"882769653";"2026-10-07";"85";"Intranet";"Horário de funcionamento da unidade";"Conforme";"";"Sim";"Não passou pelo fluxo de backup e por isso foi enviado a fila de bkp."
"882769653";"2026-10-07";"85";"Intranet";"Razão Social";"Não conforme";"";"Sim";"Não passou pelo fluxo de backup e por isso foi enviado a fila de bkp."
"882769653";"2026-10-07";"85";"Intranet";"CNPJ:";"Não conforme";"";"Sim";"Não passou pelo fluxo de backup e por isso foi enviado a fila de bkp."
"882769653";"2026-10-07";"85";"Intranet";"Coordenada";"Não conforme";"";"Sim";"Não passou pelo fluxo de backup e por isso foi enviado a fila de bkp."
"882769653";"2026-10-07";"85";"Intranet";"Parceiro do link";"Conforme";"";"Sim";"Não passou pelo fluxo de backup e por isso foi enviado a fila de bkp."
"882769653";"2026-10-07";"85";"Intranet";"Tipo. (MPLS, Internet, L2L)";"Conforme";"";"Sim";"Não passou pelo fluxo de backup e por isso foi enviado a fila de bkp."
"882769653";"2026-10-07";"85";"Intranet";"Meio Físico";"Conforme";"";"Sim";"Não passou pelo fluxo de backup e por isso foi enviado a fila de bkp."
"882769653";"2026-10-07";"85";"Intranet";"Velocidade contratada pelo cliente";"Conforme";"";"Sim";"Não passou pelo fluxo de backup e por isso foi enviado a fila de bkp."
"882769653";"2026-10-07";"85";"Intranet";"Velocidade contratada com o parceiro";"Não conforme";"";"Sim";"Não passou pelo fluxo de backup e por isso foi enviado a fila de bkp."
"882769653";"2026-10-07";"85";"Intranet";"Mantenedor (Quando RPT)";"Não se aplica";"";"Sim";"Não passou pelo fluxo de backup e por isso foi enviado a fila de bkp."
"882769653";"2026-10-07";"85";"Intranet";"Número do pedido (quando CCS)";"Conforme";"";"Sim";"Não passou pelo fluxo de backup e por isso foi enviado a fila de bkp."
"882769653";"2026-10-07";"85";"Intranet";"Empresa contratante do link (lik nosso ou do cliente)";"Conforme";"";"Sim";"Não passou pelo fluxo de backup e por isso foi enviado a fila de bkp."
"882769653";"2026-10-07";"85";"Intranet";"Em caso de link/equipamento temporário deverá constar data de término do monitoramento:";"Não se aplica";"";"Sim";"Não passou pelo fluxo de backup e por isso foi enviado a fila de bkp."
"882769653";"2026-10-07";"85";"Intranet";"Em caso de link/equipamento temporário deverá constar se é brinde ou será faturado, pois se for faturado, deverá haver e-mail de cancelamento:";"Não se aplica";"";"Sim";"Não passou pelo fluxo de backup e por isso foi enviado a fila de bkp."
"882769653";"2026-10-07";"85";"Intranet";"Procedimento padrão";"Conforme";"";"Sim";"Não passou pelo fluxo de backup e por isso foi enviado a fila de bkp."
"882769653";"2026-10-07";"85";"Intranet";"Procedimento específico";"Conforme";"";"Sim";"Não passou pelo fluxo de backup e por isso foi enviado a fila de bkp."
"882769653";"2026-10-07";"85";"Intranet";"Escalonamento do cliente";"Conforme";"";"Sim";"Não passou pelo fluxo de backup e por isso foi enviado a fila de bkp."
"882769653";"2026-10-07";"85";"Intranet";"Escalonamento interno (M7)";"Não conforme";"";"Sim";"Não passou pelo fluxo de backup e por isso foi enviado a fila de bkp."
"882769653";"2026-10-07";"85";"Intranet";"Dias específicos para o escalonamento";"Conforme";"";"Sim";"Não passou pelo fluxo de backup e por isso foi enviado a fila de bkp."
"882769653";"2026-10-07";"85";"Intranet";"Horários específicos de acionamento do escalonamento";"Conforme";"";"Sim";"Não passou pelo fluxo de backup e por isso foi enviado a fila de bkp."
"882769653";"2026-10-07";"85";"Intranet";"Especificação de qual meio principal de contato do escalonamento. (Ligação, WhatsApp)";"Conforme";"Sem especificação, somente números fixos.";"Sim";"Não passou pelo fluxo de backup e por isso foi enviado a fila de bkp."
"882769653";"2026-10-07";"85";"Intranet";"Informações de integração";"Conforme";"";"Sim";"Não passou pelo fluxo de backup e por isso foi enviado a fila de bkp."
"882769653";"2026-10-07";"85";"Intranet";"Informação de prioridade (VIP ou não) do cliente";"Conforme";"";"Sim";"Não passou pelo fluxo de backup e por isso foi enviado a fila de bkp."
"882769653";"2026-10-07";"85";"Intranet";"Galeria de imagens";"Conforme";"";"Sim";"Não passou pelo fluxo de backup e por isso foi enviado a fila de bkp."
"882769653";"2026-10-07";"85";"Intranet";"Parceiros homologados quando CCS";"Conforme";"";"Sim";"Não passou pelo fluxo de backup e por isso foi enviado a fila de bkp."
"882769653";"2026-10-07";"85";"Intranet";"Inventário do host (no Zabbix)";"Conforme";"";"Sim";"Não passou pelo fluxo de backup e por isso foi enviado a fila de bkp."
"882769653";"2026-10-07";"85";"Intranet";"Nome do cliente completo do OTRS";"Conforme";"";"Sim";"Não passou pelo fluxo de backup e por isso foi enviado a fila de bkp."
"882769653";"2026-10-07";"85";"Intranet";"Apelido (código cliente)";"Conforme";"";"Sim";"Não passou pelo fluxo de backup e por isso foi enviado a fila de bkp."
"882769653";"2026-10-07";"85";"Intranet";"URL A (Link para a página no OTRS)";"Conforme";"";"Sim";"Não passou pelo fluxo de backup e por isso foi enviado a fila de bkp."
"882769653";"2026-10-07";"85";"Intranet";"URL B (Código da página no OTRS)";"Conforme";"";"Sim";"Não passou pelo fluxo de backup e por isso foi enviado a fila de bkp."
"882769653";"2026-10-07";"85";"Intranet";"Imagem da topologia";"Conforme";"";"Sim";"Não passou pelo fluxo de backup e por isso foi enviado a fila de bkp."
"882769653";"2026-10-07";"85";"Intranet";"Orientação (quando houver)";"Conforme";"";"Sim";"Não passou pelo fluxo de backup e por isso foi enviado a fila de bkp."
"882769653";"2026-10-07";"85";"Backup de Dispositivos";"Execução da rotina de backup das configurações:";"Não conforme";"Não passou pelo fluxo de backup.";"Sim";"Não passou pelo fluxo de backup e por isso foi enviado a fila de bkp."
"882769653";"2026-10-07";"85";"Homologação";"Checa envio de aviso no grupo B.O. Primeiro atendimento.";"Conforme";"";"Sim";"Não passou pelo fluxo de backup e por isso foi enviado a fila de bkp."
"882769653";"2026-10-07";"85";"Homologação";"Checa envio de aviso no grupo Escalation GN";"Conforme";"";"Sim";"Não passou pelo fluxo de backup e por isso foi enviado a fila de bkp."
"882769653";"2026-10-07";"85";"Homologação";"Checa envio de aviso no grupo Escalation Riberto";"Conforme";"";"Sim";"Não passou pelo fluxo de backup e por isso foi enviado a fila de bkp."
"882769653";"2026-10-07";"85";"Homologação";"Força alerta de abertura automática de chamado.";"Conforme";"";"Sim";"Não passou pelo fluxo de backup e por isso foi enviado a fila de bkp."
"882769653";"2026-10-07";"85";"Qualidade";"Observações sobre este ticket.";"Conforme";"";"Sim";"Não passou pelo fluxo de backup e por isso foi enviado a fila de bkp."
"465456465456";"2026-10-08";"100";"Chamado de Projetos";"Código do Projeto (Sankhya):";"Conforme";"";"Não";""
"465456465456";"2026-10-08";"100";"Chamado de Projetos";"Código do Cliente SANKHYA. (código do cliente):";"Conforme";"";"Não";""
"465456465456";"2026-10-08";"100";"Chamado de Projetos";"GP (Gerente de Projetos):";"Conforme";"";"Não";""
"465456465456";"2026-10-08";"100";"Chamado de Projetos";"GN";"Conforme";"";"Não";""
"465456465456";"2026-10-08";"100";"Chamado de Projetos";"Nome do Cliente";"Conforme";"";"Não";""
"465456465456";"2026-10-08";"100";"Chamado de Projetos";"Número da unidade";"Conforme";"";"Não";""
"465456465456";"2026-10-08";"100";"Chamado de Projetos";"Cidade da unidade";"Conforme";"";"Não";""
"465456465456";"2026-10-08";"100";"Chamado de Projetos";"Endereço da unidade";"Conforme";"";"Não";""
"465456465456";"2026-10-08";"100";"Chamado de Projetos";"Designação do cliente/links do cliente (quando for cliente que costua ter designação. Ex: LDC, Raízen, CCS)";"Conforme";"";"Não";""
"465456465456";"2026-10-08";"100";"Chamado de Projetos";"Horário de funcionamento da unidade";"Conforme";"";"Não";""
"465456465456";"2026-10-08";"100";"Chamado de Projetos";"Razão Social do cliente";"Conforme";"";"Não";""
"465456465456";"2026-10-08";"100";"Chamado de Projetos";"CNPJ do cliente";"Conforme";"";"Não";""
"465456465456";"2026-10-08";"100";"Chamado de Projetos";"CEP do cliente";"Conforme";"";"Não";""
"465456465456";"2026-10-08";"100";"Chamado de Projetos";"Coordenadas geográficas/link";"Conforme";"";"Não";""
"465456465456";"2026-10-08";"100";"Chamado de Projetos";"Parceiro do link";"Conforme";"";"Não";""
"465456465456";"2026-10-08";"100";"Chamado de Projetos";"Tipo do link (Internet, MPLS ou L2L)";"Conforme";"";"Não";""
"465456465456";"2026-10-08";"100";"Chamado de Projetos";"Designação do circuito";"Conforme";"";"Não";""
"465456465456";"2026-10-08";"100";"Chamado de Projetos";"Meio Físico";"Conforme";"";"Não";""
"465456465456";"2026-10-08";"100";"Chamado de Projetos";"Velocidade contratada pelo cliente";"Conforme";"";"Não";""
"465456465456";"2026-10-08";"100";"Chamado de Projetos";"Velocidade contratada com o parceiro";"Conforme";"";"Não";""
"465456465456";"2026-10-08";"100";"Chamado de Projetos";"Mantenedor (quando RPT)";"Conforme";"";"Não";""
"465456465456";"2026-10-08";"100";"Chamado de Projetos";"Número do pedido (quando CCS)";"Conforme";"";"Não";""
"465456465456";"2026-10-08";"100";"Chamado de Projetos";"Empresa contratante do link";"Conforme";"";"Não";""
"465456465456";"2026-10-08";"100";"Chamado de Projetos";"Descrição clara da atividade (interna e externa)";"Conforme";"";"Não";""
"465456465456";"2026-10-08";"100";"Chamado de Projetos";"Indicação da equipe responsável pela execução";"Conforme";"";"Não";""
"465456465456";"2026-10-08";"100";"Chamado de Projetos";"Escopo da atividade";"Conforme";"";"Não";""
"465456465456";"2026-10-08";"100";"Chamado de Projetos";"Data em que a atividade deverá ser realizada:";"Conforme";"";"Não";""
"465456465456";"2026-10-08";"100";"Chamado de Projetos";"Lista de equipamentos necessários (quando a atividade demandar que sejam provisionados equipamentos em alguma etapa)";"Conforme";"";"Não";""
"465456465456";"2026-10-08";"100";"Chamado de Projetos";"Solicitação de inclusão dos hosts no monitoramento (etapa Desenvolvimento)";"Conforme";"";"Não";""
"465456465456";"2026-10-08";"100";"Chamado de Projetos";"Solicitação de inclusão das informações na Intranet (etapa Intranet)";"Conforme";"";"Não";""
"465456465456";"2026-10-08";"100";"Chamado de Projetos";"Solicitação de rotina de backup (etapa Backup de Dispositivos)";"Conforme";"";"Não";""
"465456465456";"2026-10-08";"100";"Chamado de Projetos";"Solicitação de testes de monitoramento com o robô (etapa Homologação)";"Conforme";"";"Não";""
"465456465456";"2026-10-08";"100";"Chamado de Projetos";"Escalonamento do cliente";"Conforme";"";"Não";""
"465456465456";"2026-10-08";"100";"Chamado de Projetos";"Dias específicos para o escalonamento";"Conforme";"";"Não";""
"465456465456";"2026-10-08";"100";"Chamado de Projetos";"Horário de acionamento do escalonamento";"Conforme";"";"Não";""
"465456465456";"2026-10-08";"100";"Chamado de Projetos";"Meio principal de contato (Ligação, WhatsApp etc.):";"Conforme";"";"Não";""
"465456465456";"2026-10-08";"100";"Chamado de Projetos";"Informações de integração";"Conforme";"";"Não";""
"465456465456";"2026-10-08";"100";"Ativações";"Evidências dos testes de link e/ou equipamento:";"Conforme";"";"Não";""
"465456465456";"2026-10-08";"100";"Ativações";"Evidências das configurações realizadas (IPs, VLANs, rotas, interfaces etc.):";"Conforme";"";"Não";""
"465456465456";"2026-10-08";"100";"Ativações";"Evidência da atuação do N3 ou parceiro (nota técnica), quando aplicável:";"Conforme";"";"Não";""
"465456465456";"2026-10-08";"100";"Desenvolvimento";"Criou host no monitoramento";"Conforme";"";"Não";""
"465456465456";"2026-10-08";"100";"Desenvolvimento";"Criou mapa novo/editou mapa";"Conforme";"";"Não";""
"465456465456";"2026-10-08";"100";"Desenvolvimento";"Configurações de IPs";"Conforme";"";"Não";""
"465456465456";"2026-10-08";"100";"Desenvolvimento";"Verificação de conformidade entre cfg passada pelo N2 e a colocada no Host";"Conforme";"";"Não";""
"465456465456";"2026-10-08";"100";"Desenvolvimento";"Intuitividade do mapa e melhorias que podem ser feitas";"Conforme";"";"Não";""
"465456465456";"2026-10-08";"100";"Intranet";"Código do Cliente SANKHYA. (código do cliente):";"Conforme";"";"Não";""
"465456465456";"2026-10-08";"100";"Intranet";"GP - OBS: As vezes o GP não é quem envia o e-mail:";"Conforme";"";"Não";""
"465456465456";"2026-10-08";"100";"Intranet";"Nome do cliente:";"Conforme";"";"Não";""
"465456465456";"2026-10-08";"100";"Intranet";"Número da unidade";"Conforme";"";"Não";""
"465456465456";"2026-10-08";"100";"Intranet";"Cidade da unidade";"Conforme";"";"Não";""
"465456465456";"2026-10-08";"100";"Intranet";"Endereço da unidade/cliente";"Conforme";"";"Não";""
"465456465456";"2026-10-08";"100";"Intranet";"Designação do cliente/links do cliente (quando for cliente que costua ter designação. Ex: LDC, Raízen, CCS)";"Conforme";"";"Não";""
"465456465456";"2026-10-08";"100";"Intranet";"Horário de funcionamento da unidade";"Conforme";"";"Não";""
"465456465456";"2026-10-08";"100";"Intranet";"Razão Social";"Conforme";"";"Não";""
"465456465456";"2026-10-08";"100";"Intranet";"CNPJ:";"Conforme";"";"Não";""
"465456465456";"2026-10-08";"100";"Intranet";"Coordenada";"Conforme";"";"Não";""
"465456465456";"2026-10-08";"100";"Intranet";"Parceiro do link";"Conforme";"";"Não";""
"465456465456";"2026-10-08";"100";"Intranet";"Tipo. (MPLS, Internet, L2L)";"Conforme";"";"Não";""
"465456465456";"2026-10-08";"100";"Intranet";"Meio Físico";"Conforme";"";"Não";""
"465456465456";"2026-10-08";"100";"Intranet";"Velocidade contratada pelo cliente";"Conforme";"";"Não";""
"465456465456";"2026-10-08";"100";"Intranet";"Velocidade contratada com o parceiro";"Conforme";"";"Não";""
"465456465456";"2026-10-08";"100";"Intranet";"Mantenedor (Quando RPT)";"Conforme";"";"Não";""
"465456465456";"2026-10-08";"100";"Intranet";"Número do pedido (quando CCS)";"Conforme";"";"Não";""
"465456465456";"2026-10-08";"100";"Intranet";"Empresa contratante do link (lik nosso ou do cliente)";"Conforme";"";"Não";""
"465456465456";"2026-10-08";"100";"Intranet";"Em caso de link/equipamento temporário deverá constar data de término do monitoramento:";"Conforme";"";"Não";""
"465456465456";"2026-10-08";"100";"Intranet";"Em caso de link/equipamento temporário deverá constar se é brinde ou será faturado, pois se for faturado, deverá haver e-mail de cancelamento:";"Conforme";"";"Não";""
"465456465456";"2026-10-08";"100";"Intranet";"Procedimento padrão";"Conforme";"";"Não";""
"465456465456";"2026-10-08";"100";"Intranet";"Procedimento específico";"Conforme";"";"Não";""
"465456465456";"2026-10-08";"100";"Intranet";"Escalonamento do cliente";"Conforme";"";"Não";""
"465456465456";"2026-10-08";"100";"Intranet";"Escalonamento interno (M7)";"Conforme";"";"Não";""
"465456465456";"2026-10-08";"100";"Intranet";"Dias específicos para o escalonamento";"Conforme";"";"Não";""
"465456465456";"2026-10-08";"100";"Intranet";"Horários específicos de acionamento do escalonamento";"Conforme";"";"Não";""
"465456465456";"2026-10-08";"100";"Intranet";"Especificação de qual meio principal de contato do escalonamento. (Ligação, WhatsApp)";"Conforme";"";"Não";""
"465456465456";"2026-10-08";"100";"Intranet";"Informações de integração";"Conforme";"";"Não";""
"465456465456";"2026-10-08";"100";"Intranet";"Informação de prioridade (VIP ou não) do cliente";"Conforme";"";"Não";""
"465456465456";"2026-10-08";"100";"Intranet";"Galeria de imagens";"Conforme";"";"Não";""
"465456465456";"2026-10-08";"100";"Intranet";"Parceiros homologados quando CCS";"Conforme";"";"Não";""
"465456465456";"2026-10-08";"100";"Intranet";"Inventário do host (no Zabbix)";"Conforme";"";"Não";""
"465456465456";"2026-10-08";"100";"Intranet";"Nome do cliente completo do OTRS";"Conforme";"";"Não";""
"465456465456";"2026-10-08";"100";"Intranet";"Apelido (código cliente)";"Conforme";"";"Não";""
"465456465456";"2026-10-08";"100";"Intranet";"URL A (Link para a página no OTRS)";"Conforme";"";"Não";""
"465456465456";"2026-10-08";"100";"Intranet";"URL B (Código da página no OTRS)";"Conforme";"";"Não";""
"465456465456";"2026-10-08";"100";"Intranet";"Imagem da topologia";"Conforme";"";"Não";""
"465456465456";"2026-10-08";"100";"Intranet";"Orientação (quando houver)";"Conforme";"";"Não";""
"465456465456";"2026-10-08";"100";"Backup de Dispositivos";"Execução da rotina de backup das configurações:";"Conforme";"";"Não";""
"465456465456";"2026-10-08";"100";"Homologação";"Checa envio de aviso no grupo B.O. Primeiro atendimento.";"Conforme";"";"Não";""
"465456465456";"2026-10-08";"100";"Homologação";"Checa envio de aviso no grupo Escalation GN";"Conforme";"";"Não";""
"465456465456";"2026-10-08";"100";"Homologação";"Checa envio de aviso no grupo Escalation Riberto";"Conforme";"";"Não";""
"465456465456";"2026-10-08";"100";"Homologação";"Força alerta de abertura automática de chamado.";"Conforme";"";"Não";""
"465456465456";"2026-10-08";"100";"Qualidade";"Observações sobre este ticket.";"Conforme";"";"Não";""
